<?xml version="1.0" encoding="UTF-8"?>
<project-private xmlns="http://www.netbeans.org/ns/project-private/1">
    <editor-bookmarks xmlns="http://www.netbeans.org/ns/editor-bookmarks/2" lastBookmarkId="0"/>
    <open-files xmlns="http://www.netbeans.org/ns/projectui-open-files/2">
        <group>
            <file>file:/C:/Users/Felipe/Documents/NetBeansProjects/Chatiando/src/chatiando/IChatServer.java</file>
            <file>file:/C:/Users/Felipe/Documents/NetBeansProjects/Chatiando/src/chatiando/IChatClient.java</file>
            <file>file:/C:/Users/Felipe/Documents/NetBeansProjects/Chatiando/src/chatiando/ChatClient.java</file>
            <file>file:/C:/Users/Felipe/Documents/NetBeansProjects/Chatiando/src/chatiando/Message.java</file>
            <file>file:/C:/Users/Felipe/Documents/NetBeansProjects/Chatiando/src/chatiando/ChatServer.java</file>
        </group>
    </open-files>
</project-private>
